Employee_Name,Employee_EmailID,Secret_Child_Name,Secret_Child_EmailID
John Smith,john.smith@acme.com,Emily Davis,emily.davis@acme.com
Sarah Johnson,sarah.johnson@acme.com,William Lee,william.lee@acme.com
Michael Brown,michael.brown@acme.com,Jessica Taylor,jessica.taylor@acme.com
Emily Davis,emily.davis@acme.com,Daniel King,daniel.king@acme.com
David Wilson,david.wilson@acme.com,Jennifer Hall,jennifer.hall@acme.com
Jessica Taylor,jessica.taylor@acme.com,Sarah Johnson,sarah.johnson@acme.com
Robert Martinez,robert.martinez@acme.com,James Thompson,james.thompson@acme.com
Lisa Anderson,lisa.anderson@acme.com,Christopher Moore,christopher.moore@acme.com
James Thompson,james.thompson@acme.com,Michael Brown,michael.brown@acme.com
Michelle Garcia,michelle.garcia@acme.com,Lisa Anderson,lisa.anderson@acme.com
William Lee,william.lee@acme.com,Patricia White,patricia.white@acme.com
Patricia White,patricia.white@acme.com,David Wilson,david.wilson@acme.com
Christopher Moore,christopher.moore@acme.com,Michelle Garcia,michelle.garcia@acme.com
Jennifer Hall,jennifer.hall@acme.com,Robert Martinez,robert.martinez@acme.com
Daniel King,daniel.king@acme.com,John Smith,john.smith@acme.com